{
  "timestamp": "20250417-165831",
  "config": {
    "test_id": "benchmark_1744901906",
    "cache_type": "lru",
    "benchmark_type": "throughput",
    "dataset_size": 1000,
    "value_size": 1024,
    "data_distribution": "uniform",
    "concurrency_level": 1,
    "duration_seconds": 5,
    "operation_mix": {
      "get": 0.8,
      "set": 0.15,
      "delete": 0.05
    }
  },
  "results": {
    "config": {
      "test_id": "benchmark_1744901906",
      "cache_type": "lru",
      "benchmark_type": "throughput",
      "dataset_size": 1000,
      "value_size": 1024,
      "data_distribution": "uniform",
      "concurrency_level": 1,
      "duration_seconds": 5,
      "operation_mix": {
        "get": 0.8,
        "set": 0.15,
        "delete": 0.05
      }
    },
    "start_time": 1744901906.1073108,
    "end_time": 1744901911.1076546,
    "duration_seconds": 5.0003437995910645,
    "operations": {
      "total": 45968,
      "get": 36738,
      "set": 6895,
      "delete": 2335,
      "get_many": 0,
      "set_many": 0,
      "delete_many": 0
    },
    "latencies": {
      "get": {
        "avg": 0.00354053342184677,
        "min": 0.0,
        "max": 5.003213882446289,
        "p50": 0.0,
        "p95": 0.0,
        "p99": 0.0
      },
      "set": {
        "avg": 0.011961489505228398,
        "min": 0.0,
        "max": 18.99862289428711,
        "p50": 0.0,
        "p95": 0.0,
        "p99": 0.0
      },
      "delete": {
        "avg": 0.008157080705467078,
        "min": 0.0,
        "max": 1.0440349578857422,
        "p50": 0.0,
        "p95": 0.0,
        "p99": 0.0
      },
      "get_many": {
        "avg": null,
        "min": null,
        "max": null,
        "p50": null,
        "p95": null,
        "p99": null
      },
      "set_many": {
        "avg": null,
        "min": null,
        "max": null,
        "p50": null,
        "p95": null,
        "p99": null
      },
      "delete_many": {
        "avg": null,
        "min": null,
        "max": null,
        "p50": null,
        "p95": null,
        "p99": null
      }
    },
    "hit_ratio": {
      "values": [],
      "avg": null,
      "min": null,
      "max": null
    },
    "memory_usage": {
      "values": [
        45.171875,
        45.1796875,
        45.1796875,
        45.1796875,
        45.1796875,
        45.1796875,
        45.1796875,
        45.1796875,
        45.1796875,
        45.1796875,
        45.1796875,
        45.1796875,
        45.1796875,
        45.1875,
        45.1875,
        45.1875,
        45.1875,
        45.1875,
        45.1875,
        45.1875,
        45.1875,
        45.1875,
        45.1875,
        45.1875,
        45.25,
        45.25,
        45.25,
        45.25390625,
        45.25390625,
        45.25390625,
        45.25390625,
        45.25390625,
        45.25390625,
        45.25390625,
        45.25390625,
        45.25390625,
        45.25390625,
        45.25390625,
        45.25390625,
        45.25390625,
        45.25390625,
        45.25390625,
        45.2578125,
        45.26171875,
        45.265625,
        45.3046875,
        45.30859375,
        45.3125,
        45.31640625,
        45.3203125,
        45.3203125,
        45.32421875,
        45.328125,
        45.33203125,
        45.3359375,
        45.3359375,
        45.33984375,
        45.3828125,
        45.390625,
        45.39453125,
        45.3984375,
        45.3984375,
        45.4609375,
        45.4609375,
        45.4609375,
        45.5078125,
        45.5078125,
        45.5078125,
        45.5078125,
        45.6328125,
        45.6328125,
        45.6328125,
        45.6328125,
        45.6328125,
        45.6328125,
        45.6328125,
        45.6328125,
        45.6328125,
        45.6328125,
        45.6328125,
        45.6328125,
        45.6953125,
        45.6953125,
        45.6953125,
        45.6953125,
        45.6953125,
        45.6953125,
        45.6953125,
        45.6953125,
        45.6953125,
        45.6953125,
        45.6953125,
        45.6953125,
        45.6953125,
        45.6953125,
        45.6953125,
        45.6953125,
        45.6953125,
        45.6953125,
        45.6953125,
        45.6953125,
        45.7578125,
        45.7578125,
        45.7578125,
        45.7578125,
        45.7578125,
        45.7578125,
        45.7578125,
        45.7578125,
        45.7578125,
        45.7578125,
        45.7578125,
        45.7578125,
        45.7578125,
        45.7578125,
        45.7578125,
        45.7578125,
        45.7578125,
        45.7578125,
        45.7578125,
        45.7578125,
        45.8203125,
        45.8203125,
        45.9453125,
        45.9453125,
        45.9453125,
        45.9453125,
        45.9453125,
        45.9453125,
        45.9453125,
        45.9453125,
        45.9453125,
        45.9453125,
        45.9453125,
        45.9453125,
        45.9453125,
        45.9453125,
        45.9453125,
        45.9453125,
        45.9453125,
        45.9453125,
        46.0078125,
        46.0078125,
        46.0078125,
        46.0078125,
        46.0078125,
        46.0078125,
        46.0078125,
        46.0078125,
        46.0078125,
        46.0078125,
        46.0078125,
        46.0078125,
        46.0078125,
        46.0078125,
        46.0078125,
        46.0078125,
        46.0078125,
        46.0078125,
        46.0078125,
        46.0078125,
        46.0703125,
        46.0703125,
        46.0703125,
        46.0703125,
        46.0703125,
        46.0703125,
        46.0703125,
        46.078125,
        46.078125,
        46.078125,
        46.078125,
        46.078125,
        46.078125,
        46.078125,
        46.078125,
        46.078125,
        46.078125,
        46.078125,
        46.078125,
        46.078125,
        46.140625,
        46.140625,
        46.140625,
        46.140625,
        46.140625,
        46.140625,
        46.140625,
        46.140625,
        46.26171875,
        46.26171875,
        46.265625,
        46.265625,
        46.265625,
        46.265625,
        46.26953125,
        46.26953125,
        46.26953125,
        46.26953125,
        46.26953125,
        46.26953125,
        46.33203125,
        46.3359375,
        46.3359375,
        46.3359375,
        46.3359375,
        46.3359375,
        46.3359375,
        46.3359375,
        46.3359375,
        46.3359375,
        46.3359375,
        46.3359375,
        46.47265625,
        46.47265625,
        46.47265625,
        46.47265625,
        46.47265625,
        46.4765625,
        46.4765625,
        46.4765625,
        46.5390625,
        46.5390625,
        46.5390625,
        46.54296875,
        46.54296875,
        46.54296875,
        46.54296875,
        46.54296875,
        46.54296875,
        46.546875,
        46.546875,
        46.546875,
        46.546875,
        46.546875,
        46.546875,
        46.546875,
        46.546875,
        46.546875,
        46.546875,
        46.703125,
        46.703125,
        46.765625,
        46.765625,
        46.765625,
        46.765625,
        46.76953125,
        46.76953125,
        46.76953125,
        46.76953125,
        46.76953125,
        46.76953125,
        46.76953125,
        46.7734375,
        46.7734375,
        46.7734375,
        46.7734375,
        46.7734375,
        46.7734375,
        46.77734375,
        46.77734375,
        46.77734375,
        46.83984375,
        46.83984375,
        46.83984375,
        46.83984375,
        46.83984375,
        46.83984375,
        46.83984375,
        46.83984375,
        46.83984375,
        46.83984375,
        46.83984375,
        46.83984375,
        46.83984375,
        46.83984375,
        46.83984375,
        46.83984375,
        46.83984375,
        46.83984375,
        46.83984375,
        46.83984375,
        46.90234375,
        46.90234375,
        46.90234375,
        46.90234375,
        46.90234375,
        46.90234375,
        46.90234375,
